project,status
incubator-baremaps,Incubation
fury,Incubation
incubator-annotator,Incubation
incubator-hugegraph,Incubation
incubator-livy,Incubation
incubator-nlpcraft,Incubation
incubator-ponymail,Incubation
incubator-resilientdb,Incubation
incubator-teaclave,Incubation
incubator-toree,Incubation
incubator-wayang,Incubation
incubator-uniffle,Incubation
amoro,Incubation
incubator-gluten,Incubation
hertzbeat,Incubation
incubator-nemo,Incubation
incubator-pegasus,Incubation
incubator-stormcrawler,Incubation
polaris,Incubation
horaedb,Incubation
incubator-seata,Incubation
ozhera,Incubation
gravitino,Incubation
age,Graduated
allura,Graduated
brpc,Graduated
brooklyn,Graduated
celeborn,Graduated
couchdb,Graduated
dolphinscheduler,Graduated
freemarker,Graduated
gobblin,Graduated
griffin,Graduated
iotdb,Graduated
superset,Graduated
kvrocks,Graduated
linkis,Graduated
yunikorn-core,Graduated
unomi,Graduated
tvm,Graduated
trafficcontrol,Graduated
skywalking,Graduated
ratis,Graduated
plc4x,Graduated
pekko,Graduated
opendal,Graduated
singa,Graduated
airflow,Graduated
answer,Graduated
daffodil,Graduated
datasketches,Graduated
doris,Graduated
echarts,Graduated
eventmesh,Graduated
hop,Graduated
hudi,Graduated
inlong,Graduated
kyuubi,Graduated
pinot,Graduated
streampipes,Graduated
shenyu,Graduated
incubator-bluemarlin,Retired
incubator-crail,Retired
incubator-datalab,Retired
incubator-retired-gossip,Retired
incubator-hivemall,Retired
kalumet,Retired
incubator-marvin,Retired
incubator-milagro,Retired
incubator-pagespeed-mod,Retired
incubator-retired-quickstep,Retired
incubator-s2graph,Retired
incubator-retired-s4,Retired
incubator-samoa,Retired
incubator-retired-tamaya,Retired
incubator-tuweni,Retired
geronimo-yoko,Retired
incubator-retired-wave,Retired
incubator-spot,Retired
incubator-retired-ripple,Retired
incubator-retired-mrql,Retired
incubator-retired-amaterasu,Retired
incubator-retired-edgent,Retired
incubator-heron,Retired
incubator-liminal,Retired
incubator-myriad,Retired
incubator-retired-slider,Retired
incubator-taverna-engine,Retired
incubator-warble-server,Retired
incubator-weex,Retired
zetacomponents,Retired
sirona,Retired
incubator-retired-pirk,Retired
odftoolkit,Retired
npanday,Retired
incubator-retired-cotton,Retired
incubator-retired-htrace,Retired
incubator-retired-concerted,Retired
incubator-retired-blur,Retired
incubator-kie-tools,Incubation